"Intercept","Coef","SE","SE_inter","n","R_adj","RMSE","Formula"
"Fresh",-6.35416243292827,27.969028183025,2.87988245948747,1.20185128327742,61,0.61,3.99,"MAAT_{Fresh} = -6.35416243292827 + 27.969028183025	imes MBT'_{5Me}, (n = 61, R^{2}_{adj} = 0.61, RMSE = 3.99)"
"Hyposaline",-3.873489686618,16.7160306514224,3.02138920141172,1.53587850943386,215,0.12,5.97,"MAAT_{Hyposal.} = -3.873489686618 + 16.7160306514224	imes MBT'_{5Me}, (n = 215, R^{2}_{adj} = 0.12, RMSE = 5.97)"
"Saline",-13.5533886452524,27.2296719710361,5.52478538303459,3.03969638322496,41,0.37,5.24,"MAAT_{Sal.} = -13.5533886452524 + 27.2296719710361	imes MBT'_{5Me}, (n = 41, R^{2}_{adj} = 0.37, RMSE = 5.24)"
"Hypersaline",-8.41977567540348,22.5456148192545,5.74386801181452,3.22395271597094,16,0.49,3.88,"MAAT_{Hypersal.} = -8.41977567540348 + 22.5456148192545	imes MBT'_{5Me}, (n = 16, R^{2}_{adj} = 0.49, RMSE = 3.88)"
"All",-6.28360524068012,20.1916398230371,1.19603325840436,0.630477891545054,761,0.27,5.62,"MAAT_{All} = -6.28360524068012 + 20.1916398230371	imes MBT'_{5Me}, (n = 761, R^{2}_{adj} = 0.27, RMSE = 5.62)"
